{"schemaVersion":"1.0","appDefinitionTemplate":{"id":"/providers/Microsoft.PowerApps/apps/","type":"Microsoft.PowerApps/apps","tags":{"primaryDeviceWidth":"1366","primaryDeviceHeight":"768","sienaVersion":"20201026T220026Z-3.20103.28.0","deviceCapabilities":"","supportsPortrait":"false","supportsLandscape":"true","primaryFormFactor":"Tablet","publisherVersion":"3.20023.8","minimumRequiredApiVersion":"2.2.0","hasComponent":"false","hasUnlockedComponent":"false"},"properties":{"appVersion":"2020-10-26T22:00:26Z","lifeCycleId":"Published","createdByClientVersion":{"major":3,"minor":20023,"build":8,"revision":0,"majorRevision":0,"minorRevision":0},"minClientVersion":{"major":3,"minor":20023,"build":8,"revision":0,"majorRevision":0,"minorRevision":0},"backgroundColor":"rgba(0, 176, 240, 1)","backgroundImageUri":"/10367327544960019261/N02f427be-9eb8-4c81-8336-6011d4faba05-Ne5abc1b5-d706-4815-8367-32a61ae8f53a-logoSmallFile","displayName":"SpaceInvaders","description":"","commitMessage":"","appUris":{"documentUri":{"value":"/10367327544960019261/N9dd68cc5-6acf-4f29-921f-601ec01e2dca-Nbca2c710-c639-43f8-afd5-7b11ea96c87d-document.msapp"},"imageUris":[]},"createdTime":"0001-01-01T00:00:00Z","lastModifiedTime":"0001-01-01T00:00:00Z","sharedGroupsCount":0,"sharedUsersCount":0,"icons":{"smallIconUri":"/10367327544960019261/Ncfd317cc-3673-4999-882a-ba031420c02b-N5ecf28aa-1a24-46ce-a62a-2423ba1cba4c-small.png","mediumIconUri":"/10367327544960019261/Ncbe643fb-03dd-48ed-bc14-11b493c6cbc2-N6faacecc-45f3-499f-8f41-d754a962eba3-medium.png","largeIconUri":"/10367327544960019261/Nac5603f1-a3c0-45b1-96ed-6fb6dc7b3429-N2371e041-6ce5-476f-a7d0-b442e9a071d8-large.png","wideIconUri":"/10367327544960019261/N832388b3-a4a1-4d66-99a8-0df545d2a73a-Nf40ac696-9cca-449c-bfc8-af8e3bde4526-wide.png"},"connectionReferences":{},"databaseReferences":{},"almMode":"Environment","performanceOptimizationEnabled":false,"canConsumeAppPass":true,"executionRestrictions":{"isTeamsOnly":false,"dataLossPreventionEvaluationResult":{"status":"Compliant","lastEvaluationDate":"2020-10-26T22:00:37.1724664Z","violationDetails":[]}}},"isAppComponentLibrary":false,"appType":"ClassicCanvasApp","appComponents":[]}}