{"schemaVersion":"1.0","appDefinitionTemplate":{"id":"/providers/Microsoft.PowerApps/apps/","type":"Microsoft.PowerApps/apps","tags":{"primaryDeviceWidth":"1366","primaryDeviceHeight":"768","sienaVersion":"20201027T022723Z-3.20102.16.0","deviceCapabilities":"","supportsPortrait":"false","supportsLandscape":"true","primaryFormFactor":"Tablet","publisherVersion":"3.20102.16","minimumRequiredApiVersion":"2.2.0","hasComponent":"true","hasUnlockedComponent":"true","isUnifiedRootApp":"false"},"properties":{"appVersion":"2020-10-27T02:27:23Z","lifeCycleId":"Published","createdByClientVersion":{"major":3,"minor":20102,"build":16,"revision":0,"majorRevision":0,"minorRevision":0},"minClientVersion":{"major":3,"minor":20102,"build":16,"revision":0,"majorRevision":0,"minorRevision":0},"backgroundColor":"rgba(0, 176, 240, 1)","backgroundImageUri":"/7307489073014498090/Nd185bb31-10e3-4df1-8e5d-34614164cac5-logoSmallFile","displayName":"Pipe Dream 20200420","description":"","commitMessage":"","appUris":{"documentUri":{"value":"/7307489073014498090/N0a143b10-df30-4032-b50e-b44879e3c8f1-document.msapp"},"imageUris":[]},"createdTime":"0001-01-01T00:00:00Z","lastModifiedTime":"0001-01-01T00:00:00Z","sharedGroupsCount":0,"sharedUsersCount":0,"icons":{"smallIconUri":"/7307489073014498090/Nd9c610a3-2e81-4371-ba0b-d340bbb56c47-small.png","mediumIconUri":"/7307489073014498090/Nd9fa6c5c-d881-4314-a75b-646543e8a792-medium.png","largeIconUri":"/7307489073014498090/Nce75e1e7-8dcf-409b-932f-b4bf5ee1dbe6-large.png","wideIconUri":"/7307489073014498090/N8cbe1af0-ec2a-4ada-bf72-a3b7940c6d24-wide.png"},"connectionReferences":{},"databaseReferences":{},"almMode":"Environment","performanceOptimizationEnabled":true,"canConsumeAppPass":true,"executionRestrictions":{"isTeamsOnly":false,"dataLossPreventionEvaluationResult":{"status":"Compliant","lastEvaluationDate":"2020-10-27T02:27:34.5008972Z","violationDetails":[]}}},"isAppComponentLibrary":false,"appType":"ClassicCanvasApp","appComponents":[]}}